Фамилия,Имя,Пол,Дата рождения,Номер телефона,Почта,Город
Иванов,Алексей,М,15/03/1985,+7 (927) 345-67-89,-,Москва
Петрова,Мария,Ж,22/07/1990,8 (999) 456-78-90,-,-
Сидоров,-,М,30/01/2001,-,sid111@gmail.com,г. Новосибирск
Смирнова,Анна,Ж,18/09/1995,8 (915) 678-90-12,-,Екатеринбург
Кузнецов,Андрей,М,05/12/1983,+7 (900) 789-01-23,-,г. Казань
Волкова,Ольга,Ж,27/04/1992,+7 (917) 890-12-34,-,-
Михайлов,Сергей,М,12/11/2012,-,mihailov@gmail.com,Челябинск
Фёдорова,Елена,Ж,03/06/1993,+7 (919) 012-34-56,-,Омск
Николаев,Максим,М,21/02/2000,+7 (900) 123-22-68,-,-
-,-,Ж,14/08/1991,8 (927) 834-58-78,-,Уфа
Егорова,Светлана,Ж,29/05/1989,+7 (922) 345-55-99,-,Краснодар
Григорьев,Игорь,М,09/10/1999,-,igorrr@gmail.com,Самара
Лебедева,Наталья,Ж,11/01/1994,+7 (900) 567-19-41,-,Волгоград
Савельев,Алексей,М,25/12/1986,+7 (917) 678-66-13,-,Москва
Иванова,Марина,Ж,08/02/2002,8 (926) 759-51-23,-,Ярославль
Соловьев,Виктор,М,19/03/2003,+7 (917) 890-12-81,-,г. Тверь
Зайцева,Ксения,Ж,26/04/1994,-,zayka1994@gmail.com,г. Иркутск
Титов,Евгений,М,15/09/1983,8 (929) 016-36-56,-,Владивосток
Ларионова,Надежда,Ж,30/11/2005,8 (958) 123-45-67,-,Ульяновск
Ковалев,Станислав,М,02/06/1985,+7 (931) 294-56-48,-,Архангельск
Фомин,Артем,М,17/01/1992,-,naruto.hokage@yandex.ru,Тула
Курочкина,Анна,Ж,29/03/1989,+7 (927) 452-78-20,-,Москва
Лавров,Сергей,М,04/06/1986,+7 (999) 592-89-31,-,Сочи
-,Ольга,Ж,12/07/1991,+7 (935) 678-98-12,-,Самара
Громова,Виктория,Ж,26/09/2010,+7 (992) 789-01-66,-,г. Чебоксары
Белов,Денис,М,10/10/1984,+7 (937) 890-12-43,-,Ставрополь
Онегин,Дмитрий,М,03/11/1985,+7 (938) 901-23-45,-,Уфа
Коваленко,Светлана,Ж,14/12/2005,+7 (914) 082-34-96,-,-
Чистякова,Надежда,Ж,21/01/1993,+7 (940) 323-45-37,-,Волгоград
Тимофеев,Алексей,М,28/02/1952,-,alex_cool@gmail.com,Новокузнецк
Пащенко,-,Ж,07/04/2000,+7 (958) 388-67-89,-,г. Сургут
Дорофеев,Виталий,М,15/06/1987,+7 (902) 456-78-90,-,Тверь
Багрова,-,Ж,22/07/1994,+7 (944) 510-81-01,-,Курск
Сташевский,Максим,М,09/08/1965,+7 (945) 678-54-12,-,Ярославль
Зайцев,Кирилл,М,30/09/2000,+7 (914) 799-01-53,-,Киров
Неверова,Галина,Ж,15/05/1992,+7 (947) 120-12-34,-,Коломна
Ершова,Виктория,Ж,27/06/1973,+7 (948) 301-23-44,-,Железногорск
Маликов,Степан,М,20/08/1984,+7 (945) 012-34-56,-,Мурманск
Бондарева,София,Ж,08/11/1996,+7 (927) 553-45-65,-,Смоленск
Рогов,Артемий,М,02/12/1980,+7 (902) 234-86-88,-,Барнаул
Иванова,Светлана,Ж,30/01/1987,+7 (900) 345-61-19,-,г. Ульяновск
Петров,Николай,М,21/02/1985,+7 (953) 451-78-30,-,Челябинск
Сидорова,Юлия,Ж,13/03/1959,+7 (954) 767-89-71,-,Псков
Фролов,Сергей,М,14/04/1990,+7 (909) 876-90-92,-,Тверь
Гусева,Анна,Ж,25/05/1992,-,anna123456@mail.ru,Саранск
Быстров,Алексей,М,19/06/1984,+7 (957) 190-12-81,-,Махачкала
Осипова,Дарья,Ж,02/07/1958,+7 (902) 931-23-46,-,Симферополь
Левин,Игорь,М,05/08/1995,-,anna123456@mail.ru,Хабаровск
Романова,Екатерина,Ж,11/09/1993,+7 (927) 153-45-67,-,Тюмень
Кириллов,Даниил,М,27/10/1986,-,-,Владивосток
Зайцева,Валентина,Ж,09/11/1991,+7 (914) 385-67-87,-,Таганрог
Баранов,Константин,М,24/12/1943,+7 (963) 450-72-90,-,Чита
Тихомирова,Олеся,Ж,01/01/2015,+7 (900) 597-89-31,-,Архангельск
Щербаков,Виктор,М,26/02/1985,8 (965) 678-96-15,-,-
Данилова,Александра,Ж,12/03/1994,+7 (966) 789-91-33,-,Воронеж
Морозов,Ярослав,М,14/06/1986,-,morozov-yaroslav@mail.ru,Кемерово
Морозова,Полина,Ж,15/05/1991,+7 (902) 344-23-44,-,г. Курск
Васильев,Вячеслав,М,22/07/1982,+7 (969) 712-34-26,-,Воронеж
Федотова,Вероника,Ж,30/08/1995,+7 (970) 128-45-77,-,Липецк
Михайлов,Артем,М,03/09/1990,-,mihailov@mail.ru,Самара
Кузнецова,Татьяна,Ж,16/10/2004,+7 (972) 543-66-89,-,Волгоград
Соловьев,Максим,М,23/11/1984,+7 (992) 456-90-90,-,Орёл
Крылова,Алиса,Ж,29/12/2004,+7 (914) 567-10-01,-,г. Смоленск
Викторов,Роман,М,15/01/1987,8 (975) 998-90-12,-,г. Пятигорск
Логинова,Галина,Ж,-,-,loginova.galina@mail.ru,г. Уфа
Овчинников,Андрей,М,04/03/1982,8 (977) 890-13-22,-,Астрахань
Буторина,Наталья,Ж,18/04/1995,+7 (909) 971-28-45,-,Сочи
Мартынов,Николай,М,11/05/2003,8 (979) 012-74-76,-,г.Тольятти
Казанцева,Ольга,Ж,27/06/1991,-,-,Пенза
Герасимов,Евгений,М,09/07/1985,+7 (981) 233-36-38,-,Мурманск
Семёнова,Валерия,Ж,12/08/1990,+7 (927) 345-57-55,-,Чебоксары
Павлов,Станислав,М,22/09/1993,-,pavlov.stanislove@gmail.com,г. Тула
Ильина,Екатерина,Ж,14/10/2001,+7 (909) 566-89-51,-,Тверь
Сучкова,Дарья,Ж,30/11/1994,-,dasha1994@mail.ru,Казань
Григорьев,Алексей,М,05/12/1986,+7 (986) 889-01-53,-,Москва
Артёменко,Анна,Ж,22/03/1990,+7 (902) 328-12-34,-,-
Тюрин,Илья,М,15/04/1992,+7 (988) 901-43-65,-,г. Коломна
Петрова,Светлана,Ж,29/05/2006,+7 (927) 034-34-46,-,-
Седов,Даниил,М,13/06/1994,+7 (999) 353-55-67,-,г. Воронеж
Игнатова,Надежда,Ж,20/07/1991,+7 (991) 234-28-08,-,Свердловск
Беляев,Виктор,М,11/08/1982,+7 (992) 545-67-19,-,Барнаул
-,-,Ж,03/09/1990,+7 (993) 456-71-21,-,Кострома
Фролов,Константин,М,27/10/2000,-,megatron2000@yandex.ru,Владимир
Архипова,Татьяна,Ж,16/11/2000,+7 (999) 618-10-12,-,Липецк
Некрасов,Сергей,М,22/12/1981,-,-,Орел
Фролова,Светлана,Ж,09/01/1994,+7 (999) 890-14-34,-,Тюмень
Устинов,Артем,М,04/02/1987,+7 (998) 901-23-24,-,Симферополь
Наумова,Ирина,Ж,18/03/1990,+7 (999) 210-43-65,-,Воронеж
Трофимов,Николай,М,10/04/1989,+7 (999) 618-10-12,-,Сургут
Королева,Дарья,Ж,-,+7 (901) 432-53-78,-,Уссурийск
Долгих,Валерий,М,14/06/2000,-,-,г. Хабаровск
Синицына,Наталия,Ж,02/07/1988,+7 (902) 412-74-90,-,Таганрог
Копытина,Анна,Ж,08/08/1992,+7 (904) 887-89-31,-,Ярославль
Чекунов,Игорь,М,26/09/1984,+7 (905) 678-66-34,-,-
Завьялова,Ксения,Ж,12/10/1991,+7 (914) 789-04-01,-,-
Белов,Александр,М,19/11/1983,+7 (907) 830-36-34,-,Казань
Тихомиров,Тимур,М,-,+7 (908) 901-34-65,-,Новосибирск
Лапшина,Екатерина,Ж,23/01/1995,+7 (914) 012-85-06,-,Калуга
Гущин,Роман,М,15/02/2003,+7 (902) 020-45-07,-,Чита
Соловьева,-,Ж,30/03/1989,8 (927) 284-54-78,-,Саранск
